{
    "E":[
        [
            -2.420034845547688,
            -14.41237770424591,
            2.903413150158358
        ],
        [
            10.651336476937448,
            -3.0012281000207404,
            -13.567382820679914
        ],
        [
            -0.11404328480754508,
            9.753694251782019,
            0.2606552886437879
        ]
    ],
    "F":[
        [
            4.7048607419611383e-07,
            2.791760411561002e-06,
            -0.0025491336448577465
        ],
        [
            -2.0711960641518915e-06,
            5.814782398670781e-07,
            0.003349569599354665
        ],
        [
            0.0008102745768615892,
            -0.004005027277013115,
            0.9999999999999999
        ]
    ],
    "R":[
        [
            0.925351707086884,
            -0.21787918378266175,
            -0.31024648179405834
        ],
        [
            0.21359787256108315,
            0.975734247774368,
            -0.04815211893123186
        ],
        [
            0.31320946190811216,
            -0.0217103430279056,
            0.9494358819724698
        ]
    ],
    "T":[
        [
            9.480103016310105
        ],
        [
            2.3115244769851127
        ],
        [
            14.71937030773806
        ]
    ],
    "cameraMatrix1":[
        [
            797.4039790297975,
            0.0,
            775.8772704267108
        ],
        [
            0.0,
            800.3151591555032,
            621.1101370326024
        ],
        [
            0.0,
            0.0,
            1.0
        ]
    ],
    "cameraMatrix2":[
        [
            809.4032214327833,
            0.0,
            770.676937296844
        ],
        [
            0.0,
            809.2318634696861,
            557.610980662048
        ],
        [
            0.0,
            0.0,
            1.0
        ]
    ],
    "distCoeffs1":[
        [
            -0.42961833201026883,
            0.3224504207821818,
            -0.000984515238964021,
            -0.011985210296439362,
            -0.18298626711225024
        ]
    ],
    "distCoeffs2":[
        [
            -0.35811139019825505,
            0.1788064715664011,
            0.0008988924223489372,
            -4.7197119820699866e-05,
            -0.04818659472201571
        ]
    ]
}